index,title,audio_url,cover_url
1,Volume 1,https://od.lk/s/NTJfNDc5OTg3ODJf/That%20Time%20I%20Got%20Reincarnated%20as%20a%20Slime%20Volume%201.mp3,https://od.lk/s/NTJfNDgwMDM5NDZf/1.jpg
2,Volume 2,https://od.lk/s/NTJfNDc5OTg3ODNf/That%20Time%20I%20Got%20Reincarnated%20as%20a%20Slime%20Volume%202.mp3,https://od.lk/s/NTJfNDgwMDM5NDdf/2.jpg
3,Volume 3,https://od.lk/s/NTJfNDc5OTg3ODRf/That%20Time%20I%20Got%20Reincarnated%20as%20a%20Slime%20Volume%203.mp3,https://od.lk/s/NTJfNDgwMDM5NDhf/3.jpg
4,Volume 4,https://od.lk/s/NTJfNDc5OTg3ODVf/That%20Time%20I%20Got%20Reincarnated%20as%20a%20Slime%20Volume%204.mp3,https://od.lk/s/NTJfNDgwMDM5NDlf/4.jpg
5,Volume 5,https://od.lk/s/NTJfNDc5OTg3ODZf/That%20Time%20I%20Got%20Reincarnated%20as%20a%20Slime%20Volume%205.mp3,https://od.lk/s/NTJfNDgwMDM5NTBf/5.jpg
6,Volume 6,https://od.lk/s/NTJfNDc5OTg3ODdf/That%20Time%20I%20Got%20Reincarnated%20as%20a%20Slime%20Volume%206.mp3,https://od.lk/s/NTJfNDgwMDM5NTFf/6.jpg
7,Volume 7,https://od.lk/s/NTJfNDc5OTg3ODhf/That%20Time%20I%20Got%20Reincarnated%20as%20a%20Slime%20Volume%207.mp3,https://od.lk/s/NTJfNDgwMDM5NTJf/7.jpg
8,Volume 8,https://od.lk/s/NTJfNDc5OTg3OTBf/That%20Time%20I%20Got%20Reincarnated%20as%20a%20Slime%20Volume%208.mp3,https://od.lk/s/NTJfNDgwMDM5NTNf/8.jpg
9,Volume 9,https://od.lk/s/NTJfNDc5OTg3OTNf/That%20Time%20I%20Got%20Reincarnated%20as%20a%20Slime%20Volume%209.mp3,https://od.lk/s/NTJfNDgwMDM5NTRf/9.jpg
10,Volume 10,https://od.lk/s/NTJfNDc5OTg3OTlf/That%20Time%20I%20Got%20Reincarnated%20as%20a%20Slime%20Volume%2010.mp3,https://od.lk/s/NTJfNDgwMDM5NTVf/10.jpg
11,Volume 11,https://od.lk/s/NTJfNDc5OTg4MDNf/That%20Time%20I%20Got%20Reincarnated%20as%20a%20Slime%20Volume%2011.mp3,https://od.lk/s/NTJfNDgwMDM5NTZf/11.jpg
12,Volume 12,https://od.lk/s/NTJfNDc5OTg4MDZf/That%20Time%20I%20Got%20Reincarnated%20as%20a%20Slime%20Volume%2012.mp3,https://od.lk/s/NTJfNDgwMDM5NTdf/12.jpg
13,Volume 13,https://od.lk/s/NTJfNDc5OTg4MTJf/That%20Time%20I%20Got%20Reincarnated%20as%20a%20Slime%20Volume%2013.mp3,https://od.lk/s/NTJfNDgwMDM5NThf/13.jpg
14,Volume 14,https://od.lk/s/NTJfNDc5OTg4MTNf/That%20Time%20I%20Got%20Reincarnated%20as%20a%20Slime%20Volume%2014.mp3,https://od.lk/s/NTJfNDgwMDM5NTlf/14.jpg
15,Volume 15,https://od.lk/s/NTJfNDc5OTg4MTRf/That%20Time%20I%20Got%20Reincarnated%20as%20a%20Slime%20Volume%2015.mp3,https://od.lk/s/NTJfNDgwMDM5NjBf/15.jpg
16,Volume 16,https://od.lk/s/NTJfNDc5OTg4MTdf/That%20Time%20I%20Got%20Reincarnated%20as%20a%20Slime%20Volume%2016.mp3,https://od.lk/s/NTJfNDgwMDM5NjFf/16.jpg
17,Volume 17,https://od.lk/s/NTJfNDc5OTg4MThf/That%20Time%20I%20Got%20Reincarnated%20as%20a%20Slime%20Volume%2017.mp3,https://od.lk/s/NTJfNDgwMDM5NjJf/17.jpg
18,Volume 18,https://od.lk/s/NTJfNDc5OTg4MTlf/That%20Time%20I%20Got%20Reincarnated%20as%20a%20Slime%20Volume%2018.mp3,https://od.lk/s/NTJfNDgwMDM5NjNf/18.jpg
19,Volume 19,https://od.lk/s/NTJfNDc5OTg4MjZf/That%20Time%20I%20Got%20Reincarnated%20as%20a%20Slime%20Volume%2019.mp3,https://od.lk/s/NTJfNDgwMDM5NjRf/19.jpg
20,Volume 20,https://od.lk/s/NTJfNDc5OTg4NDNf/That%20Time%20I%20Got%20Reincarnated%20as%20a%20Slime%20Volume%2020.mp3,https://od.lk/s/NTJfNDgwMDM5NDVf/20.jpg
21,Volume 21,https://od.lk/s/NTJfNTA1ODgwNDVf/That%20Time%20I%20Got%20Reincarnated%20as%20a%20Slime%20Volume%2021.mp3,https://od.lk/s/NTJfNTA1ODg1MTFf/21.jpg
22,Volume 22,https://od.lk/s/NTJfNTA3NjIwMjlf/That%20Time%20I%20Got%20Reincarnated%20as%20a%20Slime%2C%20Vol.%2022.mp3,https://od.lk/s/NTJfNTA3NjIwMjRf/22.jpg
